Transaction_Date,Customer_ID,Transaction_ID,Transaction_Amount_USD,Cost_Factor
09-01-25,C546,T900546,350.19999999999999,0.40000000000000002
09-01-25,C696,T900696,350.19999999999999,0.40000000000000002
09-01-25,C40,T900040,150.5,0.46999999999999997
09-01-25,C220,T900220,100,0.5
09-01-25,C251,T900251,600,0.42999999999999999
09-01-25,C72,T900072,610.20000000000005,0.47999999999999998
09-01-25,C1632,T900592,650.20000000000005,0.47999999999999998
09-01-25,C583,T900583,700.10000000000002,0.41999999999999998
09-01-25,C406,T900406,850,0.48999999999999999
09-01-25,C887,T900887,900.5,0.45000000000000001
09-01-25,C977,T900977,900.5,0.45000000000000001
09-01-25,C1277,T900237,900.5,0.45000000000000001
09-01-25,C1128,T900088,950.10000000000002,0.46999999999999997
09-01-25,C289,T900289,1000.75,0.42999999999999999
09-01-25,C592,T900592,1150.2,0.40000000000000002
09-01-25,C1612,T900572,1150.2,0.40000000000000002
09-01-25,C1523,T900483,1200.5999999999999,0.46000000000000002
09-01-25,C145,T900145,1250.8,0.45000000000000001
09-01-25,C1135,T900095,1300.8,0.45000000000000001
09-01-25,C206,T900206,1500,0.5
09-01-25,C356,T900356,1350.5,0.46999999999999997
09-01-25,C896,T900896,1350.5,0.46999999999999997
09-01-25,C628,T900628,1450.2,0.47999999999999998
09-01-25,C1438,T900398,1450.2,0.47999999999999998
09-02-25,C871,T900871,939,0.45000000000000001
09-02-25,C1021,T901021,965,0.45000000000000001
09-02-25,C1352,T900312,701,0.46999999999999997
09-02-25,C183,T900183,1984,0.5
09-02-25,C1360,T900320,550.5,0.46999999999999997
09-02-25,C1241,T900201,600,0.42999999999999999
09-02-25,C1511,T900471,600,0.42999999999999999
09-02-25,C1541,T900501,600,0.42999999999999999
09-02-25,C132,T900132,100.2,0.47999999999999998
09-02-25,C553,T900553,700.10000000000002,0.41999999999999998
09-02-25,C44,T900044,220.40000000000001,0.40000000000000002
09-02-25,C1215,T900175,800,0.46000000000000002
09-02-25,C1305,T900265,800,0.46000000000000002
09-02-25,C736,T900736,850,0.48999999999999999
09-02-25,C1398,T900358,950.10000000000002,0.46999999999999997
09-02-25,C619,T900619,1000.75,0.42999999999999999
09-02-25,C322,T900322,1150.2,0.40000000000000002
09-02-25,C1464,T900424,1250,0.48999999999999999
09-02-25,C1376,T900336,1350.5,0.46999999999999997
09-02-25,C987,T900987,1400,0.42999999999999999
09-02-25,C269,T900269,1500.0999999999999,0.41999999999999998
09-02-25,C691,T900460,1550.4000000000001,0.40000000000000002
09-02-25,C1120,T900080,550.5,0.46999999999999997
09-03-25,C781,T900781,1380,0.45000000000000001
09-03-25,C272,T900272,928,0.46999999999999997
09-03-25,C190,T900190,3100,0.5
09-03-25,C461,T900461,600,0.42999999999999999
09-03-25,C1271,T900231,600,0.42999999999999999
09-03-25,C1062,T900022,650.20000000000005,0.47999999999999998
09-03-25,C1272,T900232,650.20000000000005,0.47999999999999998
09-03-25,C1003,T901003,700.10000000000002,0.41999999999999998
09-03-25,C554,T900554,750.39999999999998,0.40000000000000002
09-03-25,C735,T900735,800,0.46000000000000002
09-03-25,C945,T900945,800,0.46000000000000002
09-03-25,C1517,T900477,900.5,0.45000000000000001
09-03-25,C259,T900259,1000.75,0.42999999999999999
09-03-25,C1252,T900212,1150.2,0.40000000000000002
09-03-25,C1642,T900602,1150.2,0.40000000000000002
09-03-25,C1643,T900603,1200.5999999999999,0.46000000000000002
09-03-25,C1465,T900425,1300.8,0.45000000000000001
09-03-25,C776,T900776,1350.5,0.46999999999999997
09-03-25,C1262,T900028,3200.1999999999998,0.47999999999999998
09-03-25,C1322,T900088,1410.2,0.47999999999999998
09-03-25,C509,T900509,1500.0999999999999,0.41999999999999998
09-03-25,C1499,T900459,1500.0999999999999,0.41999999999999998
09-03-25,C421,T900190,1550.4000000000001,0.40000000000000002
09-04-25,C1082,T900042,1064,0.46999999999999997
09-04-25,C153,T900153,1727,0.42999999999999999
09-04-25,C303,T900303,1971,0.42999999999999999
09-04-25,C850,T900850,550.5,0.46999999999999997
09-04-25,C372,T900372,650.20000000000005,0.47999999999999998
09-04-25,C284,T900284,750.39999999999998,0.40000000000000002
09-04-25,C1514,T900474,750.39999999999998,0.40000000000000002
09-04-25,C1606,T900566,850,0.48999999999999999
09-04-25,C1248,T900208,950.10000000000002,0.46999999999999997
09-04-25,C290,T900290,1050.3,0.47999999999999998
09-04-25,C802,T900802,1150.2,0.40000000000000002
09-04-25,C326,T900326,1350.5,0.46999999999999997
09-04-25,C597,T900597,1400,0.42999999999999999
09-04-25,C1112,T900487,1400,0.42999999999999999
09-04-25,C1172,T900547,1400,0.42999999999999999
09-04-25,C1439,T900399,1500.0999999999999,0.41999999999999998
09-04-25,C960,T900960,1550.4000000000001,0.40000000000000002
09-04-25,C811,T900580,1550.4000000000001,0.40000000000000002
09-05-25,C1056,T900016,350.19999999999999,0.40000000000000002
09-05-25,C250,T900250,550.5,0.46999999999999997
09-05-25,C612,T900612,650.20000000000005,0.47999999999999998
09-05-25,C673,T900673,700.10000000000002,0.41999999999999998
09-05-25,C1364,T900324,750.39999999999998,0.40000000000000002
09-05-25,C1546,T900506,850,0.48999999999999999
09-05-25,C1397,T900357,900.5,0.45000000000000001
09-05-25,C168,T900168,180.09999999999999,0.46999999999999997
09-05-25,C348,T900348,950.10000000000002,0.46999999999999997
09-05-25,C828,T900828,950.10000000000002,0.46999999999999997
09-05-25,C1188,T900148,950.10000000000002,0.46999999999999997
09-05-25,C621,T900621,1100.9000000000001,0.41999999999999998
09-05-25,C1251,T900211,1100.9000000000001,0.41999999999999998
09-05-25,C352,T900352,1150.2,0.40000000000000002
09-05-25,C1374,T900334,1250,0.48999999999999999
09-05-25,C1674,T900634,1250,0.48999999999999999
09-05-25,C1345,T900305,1300.8,0.45000000000000001
09-05-25,C1405,T900365,1300.8,0.45000000000000001
09-05-25,C986,T900986,1350.5,0.46999999999999997
09-05-25,C537,T900537,1400,0.42999999999999999
09-05-25,C867,T900867,1400,0.42999999999999999
09-05-25,C388,T900388,1450.2,0.47999999999999998
09-05-25,C658,T900658,1450.2,0.47999999999999998
09-06-25,C213,T900213,1865,0.5
09-06-25,C1510,T900470,550.5,0.46999999999999997
09-06-25,C521,T900521,600,0.42999999999999999
09-06-25,C282,T900282,650.20000000000005,0.47999999999999998
09-06-25,C702,T900702,650.20000000000005,0.47999999999999998
09-06-25,C972,T900972,650.20000000000005,0.47999999999999998
09-06-25,C135,T900135,250,0.46000000000000002
09-06-25,C1186,T900146,850,0.48999999999999999
09-06-25,C1636,T900596,850,0.48999999999999999
09-06-25,C862,T900862,1150.2,0.40000000000000002
09-06-25,C293,T900293,1200.5999999999999,0.46000000000000002
09-06-25,C1284,T900244,1250,0.48999999999999999
09-06-25,C1255,T900215,1300.8,0.45000000000000001
09-06-25,C927,T900927,1400,0.42999999999999999
09-06-25,C598,T900598,1450.2,0.47999999999999998
09-06-25,C390,T900390,1550.4000000000001,0.40000000000000002
09-06-25,C630,T900630,1550.4000000000001,0.40000000000000002
09-06-25,C840,T900840,1550.4000000000001,0.40000000000000002
09-06-25,C870,T900870,1550.4000000000001,0.40000000000000002
09-06-25,C661,T900430,1550.4000000000001,0.40000000000000002
09-06-25,C880,T900880,550.5,0.46999999999999997
09-07-25,C932,T900932,1546,0.46999999999999997
09-07-25,C1502,T900462,884,0.46999999999999997
09-07-25,C606,T900606,350.19999999999999,0.40000000000000002
09-07-25,C1236,T900196,350.19999999999999,0.40000000000000002
09-07-25,C1210,T900170,550.5,0.46999999999999997
09-07-25,C1392,T900352,650.20000000000005,0.47999999999999998
09-07-25,C283,T900283,700.10000000000002,0.41999999999999998
09-07-25,C524,T900524,750.39999999999998,0.40000000000000002
09-07-25,C256,T900256,850,0.48999999999999999
09-07-25,C260,T900260,1050.3,0.47999999999999998
09-07-25,C321,T900321,1100.9000000000001,0.41999999999999998
09-07-25,C52,T900052,70.200000000000003,0.40000000000000002
09-07-25,C712,T900712,1150.2,0.40000000000000002
09-07-25,C479,T900479,1500.0999999999999,0.41999999999999998
09-08-25,C361,T900361,2000.5,0.45000000000000001
09-08-25,C1592,T900552,1073,0.46999999999999997
09-08-25,C1624,T900584,250.30000000000001,0.47999999999999998
09-08-25,C756,T900756,350.19999999999999,0.40000000000000002
09-08-25,C906,T900906,350.19999999999999,0.40000000000000002
09-08-25,C1296,T900256,350.19999999999999,0.40000000000000002
09-08-25,C551,T900551,600,0.42999999999999999
09-08-25,C1303,T900263,700.10000000000002,0.41999999999999998
09-08-25,C494,T900494,750.39999999999998,0.40000000000000002
09-08-25,C1064,T900024,750.39999999999998,0.40000000000000002
09-08-25,C436,T900436,850,0.48999999999999999
09-08-25,C1396,T900356,850,0.48999999999999999
09-08-25,C20,T900020,350.30000000000001,0.47999999999999998
09-08-25,C502,T900502,1150.2,0.40000000000000002
09-08-25,C1492,T900452,1150.2,0.40000000000000002
09-08-25,C234,T900234,1350,0.5
09-08-25,C414,T900414,1250,0.48999999999999999
09-08-25,C564,T900564,1250,0.48999999999999999
09-08-25,C566,T900566,1350.5,0.46999999999999997
09-08-25,C1082,T900457,1400,0.42999999999999999
09-08-25,C1468,T900428,1450.2,0.47999999999999998
09-08-25,C150,T900150,1750.4000000000001,0.40000000000000002
09-09-25,C992,T900992,1696,0.46999999999999997
09-09-25,C1262,T900222,1106,0.46999999999999997
09-09-25,C636,T900636,350.19999999999999,0.40000000000000002
09-09-25,C1266,T900226,350.19999999999999,0.40000000000000002
09-09-25,C430,T900430,550.5,0.46999999999999997
09-09-25,C611,T900611,600,0.42999999999999999
09-09-25,C882,T900882,650.20000000000005,0.47999999999999998
09-09-25,C823,T900823,700.10000000000002,0.41999999999999998
09-09-25,C1455,T900415,800,0.46000000000000002
09-09-25,C797,T900797,900.5,0.45000000000000001
09-09-25,C770,T900770,1050.3,0.47999999999999998
09-09-25,C291,T900291,1100.9000000000001,0.41999999999999998
09-09-25,C1521,T900481,1100.9000000000001,0.41999999999999998
09-09-25,C202,T900202,1900,0.5
09-09-25,C924,T900924,1250,0.48999999999999999
09-09-25,C146,T900146,1350.5,0.46999999999999997
09-09-25,C988,T900988,1450.2,0.47999999999999998
09-09-25,C361,T900130,1550.4000000000001,0.40000000000000002
09-10-25,C184,T900184,3700,0.5
09-10-25,C768,T900768,950.10000000000002,0.46999999999999997
09-10-25,C978,T900978,950.10000000000002,0.46999999999999997
09-10-25,C379,T900379,1000.75,0.42999999999999999
09-10-25,C110,T900110,1050.3,0.47999999999999998
09-10-25,C710,T900710,1050.3,0.47999999999999998
09-10-25,C1551,T900511,1100.9000000000001,0.41999999999999998
09-10-25,C1132,T900092,1150.2,0.40000000000000002
09-10-25,C144,T900144,1150,0.48999999999999999
09-10-25,C1494,T900454,1250,0.48999999999999999
09-10-25,C1645,T900605,1300.8,0.45000000000000001
09-10-25,C1675,T900635,1300.8,0.45000000000000001
09-10-25,C627,T900627,1400,0.42999999999999999
09-10-25,C717,T900717,1400,0.42999999999999999
09-10-25,C1049,T900009,1500.0999999999999,0.41999999999999998
09-10-25,C1469,T900429,1500.0999999999999,0.41999999999999998
09-11-25,C571,T900571,1321,0.45000000000000001
09-11-25,C601,T900601,1012,0.45000000000000001
09-11-25,C816,T900816,350.19999999999999,0.40000000000000002
09-11-25,C41,T900041,250,0.42999999999999999
09-11-25,C432,T900432,650.20000000000005,0.47999999999999998
09-11-25,C762,T900762,650.20000000000005,0.47999999999999998
09-11-25,C1662,T900622,650.20000000000005,0.47999999999999998
09-11-25,C1243,T900203,700.10000000000002,0.41999999999999998
09-11-25,C440,T900440,1050.3,0.47999999999999998
09-11-25,C1401,T900361,1100.9000000000001,0.41999999999999998
09-11-25,C653,T900653,1200.5999999999999,0.46000000000000002
09-11-25,C84,T900084,1210,0.48999999999999999
09-11-25,C745,T900745,1300.8,0.45000000000000001
09-11-25,C1406,T900366,1350.5,0.46999999999999997
09-11-25,C182,T900097,1400,0.42999999999999999
09-11-25,C992,T900367,1400,0.42999999999999999
09-11-25,C1020,T901020,1550.4000000000001,0.40000000000000002
09-11-25,C781,T900550,1550.4000000000001,0.40000000000000002
09-12-25,C1141,T900101,397,0.45000000000000001
09-12-25,C1326,T900286,350.19999999999999,0.40000000000000002
09-12-25,C1181,T900141,600,0.42999999999999999
09-12-25,C643,T900643,700.10000000000002,0.41999999999999998
09-12-25,C674,T900674,750.39999999999998,0.40000000000000002
09-12-25,C556,T900556,850,0.48999999999999999
09-12-25,C827,T900827,900.5,0.45000000000000001
09-12-25,C1547,T900507,900.5,0.45000000000000001
09-12-25,C378,T900378,950.10000000000002,0.46999999999999997
09-12-25,C1608,T900568,950.10000000000002,0.46999999999999997
09-12-25,C229,T900229,850,0.5
09-12-25,C529,T900529,1000.75,0.42999999999999999
09-12-25,C1220,T900180,1050.3,0.47999999999999998
09-12-25,C141,T900141,850.89999999999998,0.41999999999999998
09-12-25,C261,T900261,1100.9000000000001,0.41999999999999998
09-12-25,C681,T900681,1100.9000000000001,0.41999999999999998
09-12-25,C1491,T900451,1100.9000000000001,0.41999999999999998
09-12-25,C114,T900114,1250,0.48999999999999999
09-12-25,C294,T900294,1250,0.48999999999999999
09-12-25,C866,T900866,1350.5,0.46999999999999997
09-12-25,C718,T900718,1450.2,0.47999999999999998
09-13-25,C610,T900610,550.5,0.46999999999999997
09-13-25,C1150,T900110,550.5,0.46999999999999997
09-13-25,C401,T900401,600,0.42999999999999999
09-13-25,C166,T900166,160,0.48999999999999999
09-13-25,C287,T900287,900.5,0.45000000000000001
09-13-25,C499,T900499,1000.75,0.42999999999999999
09-13-25,C1310,T900270,1050.3,0.47999999999999998
09-13-25,C1670,T900630,1050.3,0.47999999999999998
09-13-25,C112,T900112,1150.2,0.40000000000000002
09-13-25,C1312,T900272,1150.2,0.40000000000000002
09-13-25,C1672,T900632,1150.2,0.40000000000000002
09-13-25,C1044,T900004,1250,0.48999999999999999
09-13-25,C1164,T900124,1250,0.48999999999999999
09-13-25,C985,T900985,1300.8,0.45000000000000001
09-13-25,C296,T900296,1350.5,0.46999999999999997
09-13-25,C1017,T901017,1400,0.42999999999999999
09-13-25,C1349,T900309,1500.0999999999999,0.41999999999999998
09-14-25,C1172,T900132,1688,0.46999999999999997
09-14-25,C3,T900003,858,0.42999999999999999
09-14-25,C244,T900244,250.30000000000001,0.47999999999999998
09-14-25,C1654,T900614,250.30000000000001,0.47999999999999998
09-14-25,C160,T900160,100.5,0.46999999999999997
09-14-25,C340,T900340,550.5,0.46999999999999997
09-14-25,C344,T900344,750.39999999999998,0.40000000000000002
09-14-25,C526,T900526,850,0.48999999999999999
09-14-25,C108,T900108,950.10000000000002,0.46999999999999997
09-14-25,C381,T900381,1100.9000000000001,0.41999999999999998
09-14-25,C1161,T900121,1100.9000000000001,0.41999999999999998
09-14-25,C1433,T900393,1200.5999999999999,0.46000000000000002
09-14-25,C116,T900116,1350.5,0.46999999999999997
09-14-25,C1346,T900306,1350.5,0.46999999999999997
09-14-25,C868,T900868,1450.2,0.47999999999999998
09-14-25,C89,T900089,1460.0999999999999,0.41999999999999998
09-14-25,C209,T900209,1200,0.5
09-14-25,C359,T900359,1500.0999999999999,0.41999999999999998
09-15-25,C91,T900091,100.5,0.45000000000000001
09-15-25,C62,T900062,704,0.46999999999999997
09-15-25,C334,T900334,250.30000000000001,0.47999999999999998
09-15-25,C486,T900486,350.19999999999999,0.40000000000000002
09-15-25,C460,T900460,550.5,0.46999999999999997
09-15-25,C490,T900490,550.5,0.46999999999999997
09-15-25,C1030,T901030,550.5,0.46999999999999997
09-15-25,C821,T900821,600,0.42999999999999999
09-15-25,C646,T900646,850,0.48999999999999999
09-15-25,C1216,T900176,850,0.48999999999999999
09-15-25,C1463,T900423,1200.5999999999999,0.46000000000000002
09-15-25,C1256,T900216,1350.5,0.46999999999999997
09-15-25,C57,T900057,750,0.42999999999999999
09-15-25,C327,T900327,1400,0.42999999999999999
09-15-25,C1618,T900578,1450.2,0.47999999999999998
09-15-25,C899,T900899,1500.0999999999999,0.41999999999999998
09-15-25,C841,T900610,1550.4000000000001,0.40000000000000002
09-16-25,C32,T900032,912,0.46999999999999997
09-16-25,C155,T900155,50.899999999999999,0.41999999999999998
09-16-25,C822,T900822,650.20000000000005,0.47999999999999998
09-16-25,C1002,T901002,650.20000000000005,0.47999999999999998
09-16-25,C343,T900343,700.10000000000002,0.41999999999999998
09-16-25,C973,T900973,700.10000000000002,0.41999999999999998
09-16-25,C134,T900134,150.40000000000001,0.40000000000000002
09-16-25,C496,T900496,850,0.48999999999999999
09-16-25,C257,T900257,900.5,0.45000000000000001
09-16-25,C1307,T900267,900.5,0.45000000000000001
09-16-25,C1607,T900567,900.5,0.45000000000000001
09-16-25,C408,T900408,950.10000000000002,0.46999999999999997
09-16-25,C1278,T900238,950.10000000000002,0.46999999999999997
09-16-25,C1338,T900298,950.10000000000002,0.46999999999999997
09-16-25,C561,T900561,1100.9000000000001,0.41999999999999998
09-16-25,C921,T900921,1100.9000000000001,0.41999999999999998
09-16-25,C563,T900563,1200.5999999999999,0.46000000000000002
09-16-25,C1673,T900633,1200.5999999999999,0.46000000000000002
09-16-25,C204,T900204,1700,0.5
09-16-25,C932,T900307,1400,0.42999999999999999
09-16-25,C1052,T900427,1400,0.42999999999999999
09-17-25,C33,T900033,1832,0.42999999999999999
09-17-25,C876,T900876,350.19999999999999,0.40000000000000002
09-17-25,C1421,T900381,600,0.42999999999999999
09-17-25,C522,T900522,650.20000000000005,0.47999999999999998
09-17-25,C584,T900584,750.39999999999998,0.40000000000000002
09-17-25,C1604,T900564,750.39999999999998,0.40000000000000002
09-17-25,C1365,T900325,800,0.46000000000000002
09-17-25,C467,T900467,900.5,0.45000000000000001
09-17-25,C1639,T900599,1000.75,0.42999999999999999
09-17-25,C1490,T900450,1050.3,0.47999999999999998
09-17-25,C1641,T900601,1100.9000000000001,0.41999999999999998
09-17-25,C682,T900682,1150.2,0.40000000000000002
09-17-25,C894,T900894,1250,0.48999999999999999
09-17-25,C1315,T900275,1300.8,0.45000000000000001
09-17-25,C56,T900056,580.5,0.46999999999999997
09-17-25,C1136,T900096,1350.5,0.46999999999999997
09-17-25,C507,T900507,1400,0.42999999999999999
09-17-25,C687,T900687,1400,0.42999999999999999
09-17-25,C747,T900747,1400,0.42999999999999999
09-17-25,C1348,T900308,1450.2,0.47999999999999998
09-17-25,C1139,T900099,1500.0999999999999,0.41999999999999998
09-17-25,C1319,T900279,1500.0999999999999,0.41999999999999998
09-18-25,C1052,T900012,1982,0.46999999999999997
09-18-25,C64,T900064,210.30000000000001,0.47999999999999998
09-18-25,C215,T900215,600,0.5
09-18-25,C1572,T900532,650.20000000000005,0.47999999999999998
09-18-25,C1633,T900593,700.10000000000002,0.41999999999999998
09-18-25,C14,T900014,75.400000000000006,0.40000000000000002
09-18-25,C765,T900765,800,0.46000000000000002
09-18-25,C980,T900980,1050.3,0.47999999999999998
09-18-25,C1431,T900391,1100.9000000000001,0.41999999999999998
09-18-25,C893,T900893,1200.5999999999999,0.46000000000000002
09-18-25,C1314,T900274,1250,0.48999999999999999
09-18-25,C175,T900175,250.80000000000001,0.45000000000000001
09-18-25,C1676,T900636,1350.5,0.46999999999999997
09-18-25,C418,T900418,1450.2,0.47999999999999998
09-18-25,C749,T900749,1500.0999999999999,0.41999999999999998
09-18-25,C1589,T900549,1500.0999999999999,0.41999999999999998
09-19-25,C511,T900511,1540,0.45000000000000001
09-19-25,C102,T900102,650.20000000000005,0.47999999999999998
09-19-25,C1212,T900172,650.20000000000005,0.47999999999999998
09-19-25,C1302,T900262,650.20000000000005,0.47999999999999998
09-19-25,C913,T900913,700.10000000000002,0.41999999999999998
09-19-25,C1484,T900444,750.39999999999998,0.40000000000000002
09-19-25,C437,T900437,900.5,0.45000000000000001
09-19-25,C527,T900527,900.5,0.45000000000000001
09-19-25,C1038,T901038,950.10000000000002,0.46999999999999997
09-19-25,C51,T900051,630.89999999999998,0.41999999999999998
09-19-25,C231,T900231,1050,0.5
09-19-25,C471,T900471,1100.9000000000001,0.41999999999999998
09-19-25,C472,T900472,1150.2,0.40000000000000002
09-19-25,C952,T900952,1150.2,0.40000000000000002
09-19-25,C1192,T900152,1150.2,0.40000000000000002
09-19-25,C803,T900803,1200.5999999999999,0.46000000000000002
09-19-25,C26,T900026,1700.5,0.46999999999999997
09-19-25,C328,T900328,1450.2,0.47999999999999998
09-19-25,C270,T900270,1550.4000000000001,0.40000000000000002
09-20-25,C1382,T900342,1801,0.46999999999999997
09-20-25,C1660,T900620,550.5,0.46999999999999997
09-20-25,C1092,T900052,650.20000000000005,0.47999999999999998
09-20-25,C1332,T900292,650.20000000000005,0.47999999999999998
09-20-25,C1033,T901033,700.10000000000002,0.41999999999999998
09-20-25,C1423,T900383,700.10000000000002,0.41999999999999998
09-20-25,C434,T900434,750.39999999999998,0.40000000000000002
09-20-25,C376,T900376,850,0.48999999999999999
09-20-25,C1548,T900508,950.10000000000002,0.46999999999999997
09-20-25,C1550,T900510,1050.3,0.47999999999999998
09-20-25,C1432,T900392,1150.2,0.40000000000000002
09-20-25,C833,T900833,1200.5999999999999,0.46000000000000002
09-20-25,C1014,T901014,1250,0.48999999999999999
09-20-25,C807,T900807,1400,0.42999999999999999
09-20-25,C1379,T900339,1500.0999999999999,0.41999999999999998
09-20-25,C721,T900490,1550.4000000000001,0.40000000000000002
09-21-25,C421,T900421,913,0.45000000000000001
09-21-25,C1081,T900041,739,0.45000000000000001
09-21-25,C962,T900962,1366,0.46999999999999997
09-21-25,C125,T900125,800.89999999999998,0.41999999999999998
09-21-25,C374,T900374,750.39999999999998,0.40000000000000002
09-21-25,C1184,T900144,750.39999999999998,0.40000000000000002
09-21-25,C615,T900615,800,0.46000000000000002
09-21-25,C528,T900528,950.10000000000002,0.46999999999999997
09-21-25,C590,T900590,1050.3,0.47999999999999998
09-21-25,C801,T900801,1100.9000000000001,0.41999999999999998
09-21-25,C533,T900533,1200.5999999999999,0.46000000000000002
09-21-25,C623,T900623,1200.5999999999999,0.46000000000000002
09-21-25,C775,T900775,1300.8,0.45000000000000001
09-21-25,C1165,T900125,1300.8,0.45000000000000001
09-21-25,C86,T900086,1310.5,0.46999999999999997
09-21-25,C1316,T900276,1350.5,0.46999999999999997
09-21-25,C358,T900358,1450.2,0.47999999999999998
09-21-25,C568,T900568,1450.2,0.47999999999999998
09-21-25,C810,T900810,1550.4000000000001,0.40000000000000002
09-22-25,C811,T900811,1907,0.45000000000000001
09-22-25,C1201,T900161,1004,0.45000000000000001
09-22-25,C1656,T900616,350.19999999999999,0.40000000000000002
09-22-25,C1300,T900260,550.5,0.46999999999999997
09-22-25,C732,T900732,650.20000000000005,0.47999999999999998
09-22-25,C764,T900764,750.39999999999998,0.40000000000000002
09-22-25,C824,T900824,750.39999999999998,0.40000000000000002
09-22-25,C1155,T900115,800,0.46000000000000002
09-22-25,C826,T900826,850,0.48999999999999999
09-22-25,C976,T900976,850,0.48999999999999999
09-22-25,C1066,T900026,850,0.48999999999999999
09-22-25,C1427,T900387,900.5,0.45000000000000001
09-22-25,C18,T900018,2100.0999999999999,0.46999999999999997
09-22-25,C1640,T900600,1050.3,0.47999999999999998
09-22-25,C622,T900622,1150.2,0.40000000000000002
09-22-25,C865,T900865,1300.8,0.45000000000000001
09-22-25,C538,T900538,1450.2,0.47999999999999998
09-22-25,C1138,T900098,1450.2,0.47999999999999998
09-22-25,C59,T900059,290.10000000000002,0.41999999999999998
09-22-25,C1199,T900159,1500.0999999999999,0.41999999999999998
09-22-25,C60,T900060,370.39999999999998,0.40000000000000002
09-22-25,C780,T900780,1550.4000000000001,0.40000000000000002
09-23-25,C541,T900541,790,0.45000000000000001
09-23-25,C5,T900005,950.89999999999998,0.41999999999999998
09-23-25,C1476,T900436,350.19999999999999,0.40000000000000002
09-23-25,C940,T900940,550.5,0.46999999999999997
09-23-25,C1631,T900591,600,0.42999999999999999
09-23-25,C133,T900133,50.100000000000001,0.41999999999999998
09-23-25,C675,T900675,800,0.46000000000000002
09-23-25,C1185,T900145,800,0.46000000000000002
09-23-25,C616,T900616,850,0.48999999999999999
09-23-25,C796,T900796,850,0.48999999999999999
09-23-25,C767,T900767,900.5,0.45000000000000001
09-23-25,C708,T900708,950.10000000000002,0.46999999999999997
09-23-25,C1609,T900569,1000.75,0.42999999999999999
09-23-25,C1130,T900090,1050.3,0.47999999999999998
09-23-25,C1340,T900300,1050.3,0.47999999999999998
09-23-25,C891,T900891,1100.9000000000001,0.41999999999999998
09-23-25,C1311,T900271,1100.9000000000001,0.41999999999999998
09-23-25,C24,T900024,400,0.48999999999999999
09-23-25,C1525,T900485,1300.8,0.45000000000000001
09-23-25,C1226,T900186,1350.5,0.46999999999999997
09-23-25,C302,T900217,1400,0.42999999999999999
09-23-25,C179,T900179,290.10000000000002,0.41999999999999998
09-23-25,C569,T900569,1500.0999999999999,0.41999999999999998
09-24-25,C631,T900631,1909,0.45000000000000001
09-24-25,C751,T900751,1478,0.45000000000000001
09-24-25,C901,T900901,1780,0.45000000000000001
09-24-25,C305,T900305,300.89999999999998,0.41999999999999998
09-24-25,C666,T900666,350.19999999999999,0.40000000000000002
09-24-25,C786,T900786,350.19999999999999,0.40000000000000002
09-24-25,C1506,T900466,350.19999999999999,0.40000000000000002
09-24-25,C791,T900791,600,0.42999999999999999
09-24-25,C971,T900971,600,0.42999999999999999
09-24-25,C582,T900582,650.20000000000005,0.47999999999999998
09-24-25,C1063,T900023,700.10000000000002,0.41999999999999998
09-24-25,C1183,T900143,700.10000000000002,0.41999999999999998
09-24-25,C285,T900285,800,0.46000000000000002
09-24-25,C1035,T901035,800,0.46000000000000002
09-24-25,C136,T900136,350,0.48999999999999999
09-24-25,C1308,T900268,950.10000000000002,0.46999999999999997
09-24-25,C1578,T900538,950.10000000000002,0.46999999999999997
09-24-25,C800,T900800,1050.3,0.47999999999999998
09-24-25,C1100,T900060,1050.3,0.47999999999999998
09-24-25,C324,T900324,1250,0.48999999999999999
09-24-25,C297,T900297,1400,0.42999999999999999
09-24-25,C837,T900837,1400,0.42999999999999999
09-24-25,C239,T900239,1850,0.5
09-24-25,C1110,T900070,1550.4000000000001,0.40000000000000002
09-24-25,C601,T900370,1550.4000000000001,0.40000000000000002
09-25-25,C1291,T900251,1741,0.45000000000000001
09-25-25,C1112,T900072,1743,0.46999999999999997
09-25-25,C365,T900365,300.89999999999998,0.41999999999999998
09-25-25,C576,T900576,350.19999999999999,0.40000000000000002
09-25-25,C161,T900161,110,0.42999999999999999
09-25-25,C73,T900073,660.10000000000002,0.41999999999999998
09-25-25,C1513,T900473,700.10000000000002,0.41999999999999998
09-25-25,C1573,T900533,700.10000000000002,0.41999999999999998
09-25-25,C795,T900795,800,0.46000000000000002
09-25-25,C106,T900106,850,0.48999999999999999
09-25-25,C886,T900886,850,0.48999999999999999
09-25-25,C1157,T900117,900.5,0.45000000000000001
09-25-25,C560,T900560,1050.3,0.47999999999999998
09-25-25,C1370,T900330,1050.3,0.47999999999999998
09-25-25,C1610,T900570,1050.3,0.47999999999999998
09-25-25,C711,T900711,1100.9000000000001,0.41999999999999998
09-25-25,C742,T900742,1150.2,0.40000000000000002
09-25-25,C143,T900143,1050.5999999999999,0.46000000000000002
09-25-25,C1434,T900394,1250,0.48999999999999999
09-25-25,C835,T900835,1300.8,0.45000000000000001
09-25-25,C1232,T900607,1400,0.42999999999999999
09-25-25,C929,T900929,1500.0999999999999,0.41999999999999998
09-25-25,C1289,T900249,1500.0999999999999,0.41999999999999998
09-25-25,C1409,T900369,1500.0999999999999,0.41999999999999998
09-26-25,C1292,T900252,1580,0.46999999999999997
09-26-25,C94,T900094,250.30000000000001,0.47999999999999998
09-26-25,C335,T900335,300.89999999999998,0.41999999999999998
09-26-25,C280,T900280,550.5,0.46999999999999997
09-26-25,C520,T900520,550.5,0.46999999999999997
09-26-25,C222,T900222,150,0.5
09-26-25,C1242,T900202,650.20000000000005,0.47999999999999998
09-26-25,C373,T900373,700.10000000000002,0.41999999999999998
09-26-25,C1335,T900295,800,0.46000000000000002
09-26-25,C16,T900016,4200,0.48999999999999999
09-26-25,C647,T900647,900.5,0.45000000000000001
09-26-25,C707,T900707,900.5,0.45000000000000001
09-26-25,C1577,T900537,900.5,0.45000000000000001
09-26-25,C438,T900438,950.10000000000002,0.46999999999999997
09-26-25,C468,T900468,950.10000000000002,0.46999999999999997
09-26-25,C1669,T900629,1000.75,0.42999999999999999
09-26-25,C80,T900080,1010.3,0.47999999999999998
09-26-25,C140,T900140,750.29999999999995,0.47999999999999998
09-26-25,C1162,T900122,1150.2,0.40000000000000002
09-26-25,C534,T900534,1250,0.48999999999999999
09-26-25,C805,T900805,1300.8,0.45000000000000001
09-26-25,C626,T900626,1350.5,0.46999999999999997
09-26-25,C748,T900748,1450.2,0.47999999999999998
09-26-25,C898,T900898,1450.2,0.47999999999999998
09-26-25,C1018,T901018,1450.2,0.47999999999999998
09-26-25,C1378,T900338,1450.2,0.47999999999999998
09-26-25,C119,T900119,1500.0999999999999,0.41999999999999998
09-26-25,C329,T900329,1500.0999999999999,0.41999999999999998
09-26-25,C1229,T900189,1500.0999999999999,0.41999999999999998
09-26-25,C450,T900450,1550.4000000000001,0.40000000000000002
09-27-25,C1351,T900311,1763,0.45000000000000001
09-27-25,C1659,T900619,500.80000000000001,0.45000000000000001
09-27-25,C400,T900400,550.5,0.46999999999999997
09-27-25,C311,T900311,600,0.42999999999999999
09-27-25,C581,T900581,600,0.42999999999999999
09-27-25,C1094,T900054,750.39999999999998,0.40000000000000002
09-27-25,C1124,T900084,750.39999999999998,0.40000000000000002
09-27-25,C1245,T900205,800,0.46000000000000002
09-27-25,C1518,T900478,950.10000000000002,0.46999999999999997
09-27-25,C262,T900262,1150.2,0.40000000000000002
09-27-25,C1102,T900062,1150.2,0.40000000000000002
09-27-25,C834,T900834,1250,0.48999999999999999
09-27-25,C925,T900925,1300.8,0.45000000000000001
09-27-25,C87,T900087,1360,0.42999999999999999
09-27-25,C1352,T900118,1450.2,0.47999999999999998
09-27-25,C958,T900958,1450.2,0.47999999999999998
09-28-25,C1441,T900401,1927,0.45000000000000001
09-28-25,C1412,T900372,1491,0.46999999999999997
09-28-25,C1206,T900166,350.19999999999999,0.40000000000000002
09-28-25,C1330,T900290,550.5,0.46999999999999997
09-28-25,C1540,T900500,550.5,0.46999999999999997
09-28-25,C1570,T900530,550.5,0.46999999999999997
09-28-25,C131,T900131,200,0.42999999999999999
09-28-25,C1571,T900531,600,0.42999999999999999
09-28-25,C13,T900013,1000.1,0.41999999999999998
09-28-25,C1274,T900234,750.39999999999998,0.40000000000000002
09-28-25,C1664,T900624,750.39999999999998,0.40000000000000002
09-28-25,C676,T900676,850,0.48999999999999999
09-28-25,C557,T900557,900.5,0.45000000000000001
09-28-25,C138,T900138,550.10000000000002,0.46999999999999997
09-28-25,C1458,T900418,950.10000000000002,0.46999999999999997
09-28-25,C351,T900351,1100.9000000000001,0.41999999999999998
09-28-25,C1372,T900332,1150.2,0.40000000000000002
09-28-25,C1462,T900422,1150.2,0.40000000000000002
09-28-25,C23,T900023,150.59999999999999,0.46000000000000002
09-28-25,C354,T900354,1250,0.48999999999999999
09-28-25,C474,T900474,1250,0.48999999999999999
09-28-25,C684,T900684,1250,0.48999999999999999
09-28-25,C714,T900714,1250,0.48999999999999999
09-28-25,C1074,T900034,1250,0.48999999999999999
09-28-25,C1285,T900245,1300.8,0.45000000000000001
09-28-25,C506,T900506,1350.5,0.46999999999999997
09-28-25,C448,T900448,1450.2,0.47999999999999998
09-28-25,C149,T900149,1650.0999999999999,0.41999999999999998
09-28-25,C1019,T901019,1500.0999999999999,0.41999999999999998
09-28-25,C751,T900520,1550.4000000000001,0.40000000000000002
09-29-25,C61,T900061,60.5,0.45000000000000001
09-29-25,C34,T900034,1935,0.47999999999999998
09-29-25,C456,T900456,350.19999999999999,0.40000000000000002
09-29-25,C1090,T900050,550.5,0.46999999999999997
09-29-25,C1032,T901032,650.20000000000005,0.47999999999999998
09-29-25,C1603,T900563,700.10000000000002,0.41999999999999998
09-29-25,C45,T900045,400,0.46000000000000002
09-29-25,C315,T900315,800,0.46000000000000002
09-29-25,C1605,T900565,800,0.46000000000000002
09-29-25,C1457,T900417,900.5,0.45000000000000001
09-29-25,C78,T900078,910.10000000000002,0.46999999999999997
09-29-25,C469,T900469,1000.75,0.42999999999999999
09-29-25,C50,T900050,490.30000000000001,0.47999999999999998
09-29-25,C470,T900470,1050.3,0.47999999999999998
09-29-25,C1341,T900301,1100.9000000000001,0.41999999999999998
09-29-25,C382,T900382,1150.2,0.40000000000000002
09-29-25,C1134,T900094,1250,0.48999999999999999
09-29-25,C567,T900567,1400,0.42999999999999999
09-29-25,C1382,T900148,1550.2,0.47999999999999998
09-30-25,C961,T900961,280,0.45000000000000001
09-30-25,C880,T900880,550.5,0.46999999999999997
09-30-25,C11,T900011,550,0.42999999999999999
09-30-25,C193,T900193,2800,0.5
09-30-25,C884,T900884,750.39999999999998,0.40000000000000002
09-30-25,C1214,T900174,750.39999999999998,0.40000000000000002
09-30-25,C15,T900015,200,0.46000000000000002
09-30-25,C77,T900077,860.5,0.45000000000000001
09-30-25,C407,T900407,900.5,0.45000000000000001
09-30-25,C258,T900258,950.10000000000002,0.46999999999999997
09-30-25,C648,T900648,950.10000000000002,0.46999999999999997
09-30-25,C1460,T900420,1050.3,0.47999999999999998
09-30-25,C1554,T900514,1250,0.48999999999999999
09-30-25,C1016,T901016,1350.5,0.46999999999999997
09-30-25,C1046,T900006,1350.5,0.46999999999999997
09-30-25,C27,T900027,350,0.42999999999999999
09-30-25,C387,T900387,1400,0.42999999999999999
09-30-25,C1228,T900188,1450.2,0.47999999999999998
09-30-25,C990,T900990,1550.4000000000001,0.40000000000000002
09-30-25,C1050,T900010,1550.4000000000001,0.40000000000000002
09-30-25,C970,T900970,550.5,0.46999999999999997
10-01-25,C274,T900274,250.30000000000001,0.47999999999999998
10-01-25,C163,T900163,130.09999999999999,0.41999999999999998
10-01-25,C435,T900435,800,0.46000000000000002
10-01-25,C855,T900855,800,0.46000000000000002
10-01-25,C948,T900948,950.10000000000002,0.46999999999999997
10-01-25,C559,T900559,1000.75,0.42999999999999999
10-01-25,C411,T900411,1100.9000000000001,0.41999999999999998
10-01-25,C1191,T900151,1100.9000000000001,0.41999999999999998
10-01-25,C922,T900922,1150.2,0.40000000000000002
10-01-25,C1493,T900453,1200.5999999999999,0.46000000000000002
10-01-25,C1375,T900335,1300.8,0.45000000000000001
10-01-25,C536,T900536,1350.5,0.46999999999999997
10-01-25,C962,T900337,1400,0.42999999999999999
10-01-25,C1080,T900040,1550.4000000000001,0.40000000000000002
10-01-25,C481,T900250,1550.4000000000001,0.40000000000000002
10-01-25,C631,T900400,1550.4000000000001,0.40000000000000002
10-02-25,C670,T900670,550.5,0.46999999999999997
10-02-25,C820,T900820,550.5,0.46999999999999997
10-02-25,C1180,T900140,550.5,0.46999999999999997
10-02-25,C911,T900911,600,0.42999999999999999
10-02-25,C941,T900941,600,0.42999999999999999
10-02-25,C12,T900012,3100.1999999999998,0.47999999999999998
10-02-25,C252,T900252,650.20000000000005,0.47999999999999998
10-02-25,C312,T900312,650.20000000000005,0.47999999999999998
10-02-25,C1362,T900322,650.20000000000005,0.47999999999999998
10-02-25,C733,T900733,700.10000000000002,0.41999999999999998
10-02-25,C645,T900645,800,0.46000000000000002
10-02-25,C1095,T900055,800,0.46000000000000002
10-02-25,C766,T900766,850,0.48999999999999999
10-02-25,C17,T900017,150.5,0.45000000000000001
10-02-25,C1067,T900027,900.5,0.45000000000000001
10-02-25,C1098,T900058,950.10000000000002,0.46999999999999997
10-02-25,C1488,T900448,950.10000000000002,0.46999999999999997
10-02-25,C1070,T900030,1050.3,0.47999999999999998
10-02-25,C1160,T900120,1050.3,0.47999999999999998
10-02-25,C413,T900413,1200.5999999999999,0.46000000000000002
10-02-25,C174,T900174,240,0.48999999999999999
10-02-25,C205,T900205,1600,0.5
10-02-25,C446,T900446,1350.5,0.46999999999999997
10-02-25,C1292,T900058,160.19999999999999,0.47999999999999998
10-02-25,C178,T900178,280.19999999999999,0.47999999999999998
10-03-25,C1111,T900071,1941,0.45000000000000001
10-03-25,C996,T900996,350.19999999999999,0.40000000000000002
10-03-25,C1386,T900346,350.19999999999999,0.40000000000000002
10-03-25,C221,T900221,50,0.5
10-03-25,C671,T900671,600,0.42999999999999999
10-03-25,C42,T900042,390.19999999999999,0.47999999999999998
10-03-25,C852,T900852,650.20000000000005,0.47999999999999998
10-03-25,C1482,T900442,650.20000000000005,0.47999999999999998
10-03-25,C1153,T900113,700.10000000000002,0.41999999999999998
10-03-25,C254,T900254,750.39999999999998,0.40000000000000002
10-03-25,C314,T900314,750.39999999999998,0.40000000000000002
10-03-25,C614,T900614,750.39999999999998,0.40000000000000002
10-03-25,C1244,T900204,750.39999999999998,0.40000000000000002
10-03-25,C1334,T900294,750.39999999999998,0.40000000000000002
10-03-25,C525,T900525,800,0.46000000000000002
10-03-25,C705,T900705,800,0.46000000000000002
10-03-25,C1425,T900385,800,0.46000000000000002
10-03-25,C1366,T900326,850,0.48999999999999999
10-03-25,C618,T900618,950.10000000000002,0.46999999999999997
10-03-25,C49,T900049,340.75,0.42999999999999999
10-03-25,C79,T900079,960.75,0.42999999999999999
10-03-25,C319,T900319,1000.75,0.42999999999999999
10-03-25,C203,T900203,1800,0.5
10-03-25,C954,T900954,1250,0.48999999999999999
10-03-25,C85,T900085,1260.8,0.45000000000000001
10-03-25,C1015,T901015,1300.8,0.45000000000000001
10-03-25,C267,T900267,1400,0.42999999999999999
10-03-25,C720,T900720,1550.4000000000001,0.40000000000000002
10-04-25,C154,T900154,40.299999999999997,0.47999999999999998
10-04-25,C1356,T900316,350.19999999999999,0.40000000000000002
10-04-25,C672,T900672,650.20000000000005,0.47999999999999998
10-04-25,C1154,T900114,750.39999999999998,0.40000000000000002
10-04-25,C706,T900706,850,0.48999999999999999
10-04-25,C1037,T901037,900.5,0.45000000000000001
10-04-25,C888,T900888,950.10000000000002,0.46999999999999997
10-04-25,C170,T900170,200.30000000000001,0.47999999999999998
10-04-25,C1045,T900005,1300.8,0.45000000000000001
10-04-25,C476,T900476,1350.5,0.46999999999999997
10-04-25,C686,T900686,1350.5,0.46999999999999997
10-04-25,C1556,T900516,1350.5,0.46999999999999997
10-04-25,C1646,T900606,1350.5,0.46999999999999997
10-04-25,C147,T900147,1450,0.42999999999999999
10-04-25,C897,T900897,1400,0.42999999999999999
10-04-25,C808,T900808,1450.2,0.47999999999999998
10-04-25,C90,T900090,1510.4000000000001,0.40000000000000002
10-04-25,C480,T900480,1550.4000000000001,0.40000000000000002
10-05-25,C1652,T900612,942,0.46999999999999997
10-05-25,C936,T900936,350.19999999999999,0.40000000000000002
10-05-25,C966,T900966,350.19999999999999,0.40000000000000002
10-05-25,C1566,T900526,350.19999999999999,0.40000000000000002
10-05-25,C10,T900010,1800.5,0.46999999999999997
10-05-25,C70,T900070,510.5,0.46999999999999997
10-05-25,C253,T900253,700.10000000000002,0.41999999999999998
10-05-25,C883,T900883,700.10000000000002,0.41999999999999998
10-05-25,C1453,T900413,700.10000000000002,0.41999999999999998
10-05-25,C1543,T900503,700.10000000000002,0.41999999999999998
10-05-25,C104,T900104,750.39999999999998,0.40000000000000002
10-05-25,C1544,T900504,750.39999999999998,0.40000000000000002
10-05-25,C165,T900165,150,0.46000000000000002
10-05-25,C465,T900465,800,0.46000000000000002
10-05-25,C46,T900046,550,0.48999999999999999
10-05-25,C137,T900137,450.5,0.45000000000000001
10-05-25,C1668,T900628,950.10000000000002,0.46999999999999997
10-05-25,C1579,T900539,1000.75,0.42999999999999999
10-05-25,C830,T900830,1050.3,0.47999999999999998
10-05-25,C890,T900890,1050.3,0.47999999999999998
10-05-25,C1400,T900360,1050.3,0.47999999999999998
10-05-25,C651,T900651,1100.9000000000001,0.41999999999999998
10-05-25,C1281,T900241,1100.9000000000001,0.41999999999999998
10-05-25,C773,T900773,1200.5999999999999,0.46000000000000002
10-05-25,C1224,T900184,1250,0.48999999999999999
10-05-25,C1105,T900065,1300.8,0.45000000000000001
10-05-25,C1528,T900488,1450.2,0.47999999999999998
10-05-25,C839,T900839,1500.0999999999999,0.41999999999999998
10-06-25,C691,T900691,1151,0.45000000000000001
10-06-25,C63,T900063,1105,0.42999999999999999
10-06-25,C214,T900214,700,0.5
10-06-25,C1120,T900080,550.5,0.46999999999999997
10-06-25,C1182,T900142,650.20000000000005,0.47999999999999998
10-06-25,C1333,T900293,700.10000000000002,0.41999999999999998
10-06-25,C224,T900224,350,0.5
10-06-25,C316,T900316,850,0.48999999999999999
10-06-25,C588,T900588,950.10000000000002,0.46999999999999997
10-06-25,C858,T900858,950.10000000000002,0.46999999999999997
10-06-25,C530,T900530,1050.3,0.47999999999999998
10-06-25,C680,T900680,1050.3,0.47999999999999998
10-06-25,C950,T900950,1050.3,0.47999999999999998
10-06-25,C111,T900111,1100.9000000000001,0.41999999999999998
10-06-25,C831,T900831,1100.9000000000001,0.41999999999999998
10-06-25,C832,T900832,1150.2,0.40000000000000002
10-06-25,C743,T900743,1200.5999999999999,0.46000000000000002
10-06-25,C504,T900504,1250,0.48999999999999999
10-06-25,C804,T900804,1250,0.48999999999999999
10-06-25,C1408,T900368,1450.2,0.47999999999999998
10-06-25,C1649,T900609,1500.0999999999999,0.41999999999999998
10-06-25,C571,T900340,1550.4000000000001,0.40000000000000002
10-07-25,C302,T900302,1964,0.46999999999999997
10-07-25,C1536,T900496,350.19999999999999,0.40000000000000002
10-07-25,C100,T900100,550.5,0.46999999999999997
10-07-25,C910,T900910,550.5,0.46999999999999997
10-07-25,C641,T900641,600,0.42999999999999999
10-07-25,C1331,T900291,600,0.42999999999999999
10-07-25,C1661,T900621,600,0.42999999999999999
10-07-25,C703,T900703,700.10000000000002,0.41999999999999998
10-07-25,C255,T900255,800,0.46000000000000002
10-07-25,C1336,T900296,850,0.48999999999999999
10-07-25,C677,T900677,900.5,0.45000000000000001
10-07-25,C1667,T900627,900.5,0.45000000000000001
10-07-25,C678,T900678,950.10000000000002,0.46999999999999997
10-07-25,C199,T900199,2200,0.5
10-07-25,C740,T900740,1050.3,0.47999999999999998
10-07-25,C1190,T900150,1050.3,0.47999999999999998
10-07-25,C412,T900412,1150.2,0.40000000000000002
10-07-25,C713,T900713,1200.5999999999999,0.46000000000000002
10-07-25,C744,T900744,1250,0.48999999999999999
10-07-25,C1555,T900515,1300.8,0.45000000000000001
10-07-25,C1615,T900575,1300.8,0.45000000000000001
10-07-25,C1286,T900246,1350.5,0.46999999999999997
10-07-25,C989,T900989,1500.0999999999999,0.41999999999999998
10-07-25,C360,T900360,1550.4000000000001,0.40000000000000002
10-07-25,C660,T900660,1550.4000000000001,0.40000000000000002
10-07-25,C541,T900310,1550.4000000000001,0.40000000000000002
10-08-25,C991,T900991,1489,0.45000000000000001
10-08-25,C552,T900552,650.20000000000005,0.47999999999999998
10-08-25,C1363,T900323,700.10000000000002,0.41999999999999998
10-08-25,C914,T900914,750.39999999999998,0.40000000000000002
10-08-25,C944,T900944,750.39999999999998,0.40000000000000002
10-08-25,C22,T900022,50.200000000000003,0.40000000000000002
10-08-25,C442,T900442,1150.2,0.40000000000000002
10-08-25,C233,T900233,1250,0.5
10-08-25,C264,T900264,1250,0.48999999999999999
10-08-25,C1435,T900395,1300.8,0.45000000000000001
10-08-25,C1496,T900456,1350.5,0.46999999999999997
10-08-25,C1586,T900546,1350.5,0.46999999999999997
10-08-25,C237,T900237,1650,0.5
10-08-25,C809,T900809,1500.0999999999999,0.41999999999999998
10-08-25,C1030,T901030,550.5,0.46999999999999997
10-09-25,C1,T900001,1350.5,0.45000000000000001
10-09-25,C451,T900451,1853,0.45000000000000001
10-09-25,C1022,T901022,1591,0.46999999999999997
10-09-25,C1116,T900076,350.19999999999999,0.40000000000000002
10-09-25,C370,T900370,550.5,0.46999999999999997
10-09-25,C700,T900700,550.5,0.46999999999999997
10-09-25,C970,T900970,550.5,0.46999999999999997
10-09-25,C191,T900191,3000,0.5
10-09-25,C491,T900491,600,0.42999999999999999
10-09-25,C1211,T900171,600,0.42999999999999999
10-09-25,C1542,T900502,650.20000000000005,0.47999999999999998
10-09-25,C1575,T900535,800,0.46000000000000002
10-09-25,C1576,T900536,850,0.48999999999999999
10-09-25,C1367,T900327,900.5,0.45000000000000001
10-09-25,C558,T900558,950.10000000000002,0.46999999999999997
10-09-25,C1040,T901040,1050.3,0.47999999999999998
10-09-25,C981,T900981,1100.9000000000001,0.41999999999999998
10-09-25,C1131,T900091,1100.9000000000001,0.41999999999999998
10-09-25,C1072,T900032,1150.2,0.40000000000000002
10-09-25,C1222,T900182,1150.2,0.40000000000000002
10-09-25,C1582,T900542,1150.2,0.40000000000000002
10-09-25,C596,T900596,1350.5,0.46999999999999997
10-09-25,C1466,T900426,1350.5,0.46999999999999997
10-09-25,C1079,T900039,1500.0999999999999,0.41999999999999998
10-09-25,C1169,T900129,1500.0999999999999,0.41999999999999998
10-10-25,C721,T900721,1525,0.45000000000000001
10-10-25,C123,T900123,1842,0.42999999999999999
10-10-25,C95,T900095,300.89999999999998,0.41999999999999998
10-10-25,C1626,T900586,350.19999999999999,0.40000000000000002
10-10-25,C1512,T900472,650.20000000000005,0.47999999999999998
10-10-25,C1602,T900562,650.20000000000005,0.47999999999999998
10-10-25,C1393,T900353,700.10000000000002,0.41999999999999998
10-10-25,C975,T900975,800,0.46000000000000002
10-10-25,C1395,T900355,800,0.46000000000000002
10-10-25,C197,T900197,2400,0.5
10-10-25,C1187,T900147,900.5,0.45000000000000001
10-10-25,C349,T900349,1000.75,0.42999999999999999
10-10-25,C142,T900142,950.20000000000005,0.40000000000000002
10-10-25,C416,T900416,1350.5,0.46999999999999997
10-10-25,C1142,T900517,1400,0.42999999999999999
10-10-25,C180,T900180,300.39999999999998,0.40000000000000002
10-10-25,C511,T900280,1550.4000000000001,0.40000000000000002
10-11-25,C426,T900426,350.19999999999999,0.40000000000000002
10-11-25,C1176,T900136,350.19999999999999,0.40000000000000002
10-11-25,C431,T900431,600,0.42999999999999999
10-11-25,C1001,T901001,600,0.42999999999999999
10-11-25,C1452,T900412,650.20000000000005,0.47999999999999998
10-11-25,C853,T900853,700.10000000000002,0.41999999999999998
10-11-25,C194,T900194,2700,0.5
10-11-25,C225,T900225,450,0.5
10-11-25,C230,T900230,950,0.5
10-11-25,C1430,T900390,1050.3,0.47999999999999998
10-11-25,C201,T900201,2000,0.5
10-11-25,C1552,T900512,1150.2,0.40000000000000002
10-11-25,C953,T900953,1200.5999999999999,0.46000000000000002
10-11-25,C774,T900774,1250,0.48999999999999999
10-11-25,C1075,T900035,1300.8,0.45000000000000001
10-11-25,C688,T900688,1450.2,0.47999999999999998
10-11-25,C1529,T900489,1500.0999999999999,0.41999999999999998
10-11-25,C330,T900330,1550.4000000000001,0.40000000000000002
10-12-25,C1411,T900371,1626,0.45000000000000001
10-12-25,C273,T900273,1913,0.42999999999999999
10-12-25,C1086,T900046,350.19999999999999,0.40000000000000002
10-12-25,C550,T900550,550.5,0.46999999999999997
10-12-25,C1390,T900350,550.5,0.46999999999999997
10-12-25,C731,T900731,600,0.42999999999999999
10-12-25,C223,T900223,250,0.5
10-12-25,C825,T900825,800,0.46000000000000002
10-12-25,C1275,T900235,800,0.46000000000000002
10-12-25,C1635,T900595,800,0.46000000000000002
10-12-25,C1156,T900116,850,0.48999999999999999
10-12-25,C377,T900377,900.5,0.45000000000000001
10-12-25,C1071,T900031,1100.9000000000001,0.41999999999999998
10-12-25,C172,T900172,220.19999999999999,0.40000000000000002
10-12-25,C447,T900447,1400,0.42999999999999999
10-12-25,C478,T900478,1450.2,0.47999999999999998
10-12-25,C300,T900300,1550.4000000000001,0.40000000000000002
10-13-25,C331,T900331,100.5,0.45000000000000001
10-13-25,C1060,T900020,550.5,0.46999999999999997
10-13-25,C1485,T900445,800,0.46000000000000002
10-13-25,C1276,T900236,850,0.48999999999999999
10-13-25,C169,T900169,190.75,0.42999999999999999
10-13-25,C409,T900409,1000.75,0.42999999999999999
10-13-25,C1371,T900331,1100.9000000000001,0.41999999999999998
10-13-25,C1047,T900007,1400,0.42999999999999999
10-13-25,C122,T900037,1400,0.42999999999999999
10-13-25,C1258,T900218,1450.2,0.47999999999999998
10-13-25,C629,T900629,1500.0999999999999,0.41999999999999998
10-14-25,C931,T900931,234,0.45000000000000001
10-14-25,C1261,T900221,651,0.45000000000000001
10-14-25,C152,T900152,380,0.46999999999999997
10-14-25,C1532,T900492,1976,0.46999999999999997
10-14-25,C124,T900124,900.29999999999995,0.47999999999999998
10-14-25,C726,T900726,350.19999999999999,0.40000000000000002
10-14-25,C1596,T900556,350.19999999999999,0.40000000000000002
10-14-25,C1600,T900560,550.5,0.46999999999999997
10-14-25,C1630,T900590,550.5,0.46999999999999997
10-14-25,C761,T900761,600,0.42999999999999999
10-14-25,C192,T900192,2900,0.5
10-14-25,C1634,T900594,750.39999999999998,0.40000000000000002
10-14-25,C1486,T900446,850,0.48999999999999999
10-14-25,C1516,T900476,850,0.48999999999999999
10-14-25,C439,T900439,1000.75,0.42999999999999999
10-14-25,C1611,T900571,1100.9000000000001,0.41999999999999998
10-14-25,C1012,T901012,1150.2,0.40000000000000002
10-14-25,C353,T900353,1200.5999999999999,0.46000000000000002
10-14-25,C956,T900956,1350.5,0.46999999999999997
10-14-25,C1259,T900219,1500.0999999999999,0.41999999999999998
10-14-25,C240,T900240,1950,0.5
10-15-25,C185,T900185,3600,0.5
10-15-25,C396,T900396,350.19999999999999,0.40000000000000002
10-15-25,C516,T900516,350.19999999999999,0.40000000000000002
10-15-25,C1000,T901000,550.5,0.46999999999999997
10-15-25,C1420,T900380,550.5,0.46999999999999997
10-15-25,C974,T900974,750.39999999999998,0.40000000000000002
10-15-25,C346,T900346,850,0.48999999999999999
10-15-25,C1666,T900626,850,0.48999999999999999
10-15-25,C1217,T900177,900.5,0.45000000000000001
10-15-25,C1218,T900178,950.10000000000002,0.46999999999999997
10-15-25,C410,T900410,1050.3,0.47999999999999998
10-15-25,C1011,T901011,1100.9000000000001,0.41999999999999998
10-15-25,C562,T900562,1150.2,0.40000000000000002
10-15-25,C772,T900772,1150.2,0.40000000000000002
10-15-25,C1282,T900242,1150.2,0.40000000000000002
10-15-25,C383,T900383,1200.5999999999999,0.46000000000000002
10-15-25,C443,T900443,1200.5999999999999,0.46000000000000002
10-15-25,C1644,T900604,1250,0.48999999999999999
10-15-25,C266,T900266,1350.5,0.46999999999999997
10-15-25,C928,T900928,1450.2,0.47999999999999998
10-15-25,C299,T900299,1500.0999999999999,0.41999999999999998
10-15-25,C719,T900719,1500.0999999999999,0.41999999999999998
10-15-25,C1559,T900519,1500.0999999999999,0.41999999999999998
10-15-25,C600,T900600,1550.4000000000001,0.40000000000000002
10-16-25,C1663,T900623,700.10000000000002,0.41999999999999998
10-16-25,C854,T900854,750.39999999999998,0.40000000000000002
10-16-25,C75,T900075,760,0.46000000000000002
10-16-25,C375,T900375,800,0.46000000000000002
10-16-25,C1005,T901005,800,0.46000000000000002
10-16-25,C466,T900466,850,0.48999999999999999
10-16-25,C288,T900288,950.10000000000002,0.46999999999999997
10-16-25,C589,T900589,1000.75,0.42999999999999999
10-16-25,C82,T900082,1110.2,0.40000000000000002
10-16-25,C1194,T900154,1250,0.48999999999999999
10-16-25,C176,T900176,260.5,0.46999999999999997
10-16-25,C778,T900778,1450.2,0.47999999999999998
10-16-25,C599,T900599,1500.0999999999999,0.41999999999999998
10-17-25,C92,T900092,1970,0.46999999999999997
10-17-25,C1442,T900402,1340,0.46999999999999997
10-17-25,C1622,T900582,1390,0.46999999999999997
10-17-25,C245,T900245,300.89999999999998,0.41999999999999998
10-17-25,C130,T900130,300.5,0.46999999999999997
10-17-25,C1304,T900264,750.39999999999998,0.40000000000000002
10-17-25,C1125,T900085,800,0.46000000000000002
10-17-25,C107,T900107,900.5,0.45000000000000001
10-17-25,C1007,T901007,900.5,0.45000000000000001
10-17-25,C198,T900198,2300,0.5
10-17-25,C531,T900531,1100.9000000000001,0.41999999999999998
10-17-25,C1461,T900421,1100.9000000000001,0.41999999999999998
10-17-25,C503,T900503,1200.5999999999999,0.46000000000000002
10-17-25,C923,T900923,1200.5999999999999,0.46000000000000002
10-17-25,C1404,T900364,1250,0.48999999999999999
10-17-25,C235,T900235,1450,0.5
10-17-25,C1196,T900156,1350.5,0.46999999999999997
10-17-25,C242,T900157,1400,0.42999999999999999
10-17-25,C1078,T900038,1450.2,0.47999999999999998
10-17-25,C1168,T900128,1450.2,0.47999999999999998
10-17-25,C1648,T900608,1450.2,0.47999999999999998
10-17-25,C539,T900539,1500.0999999999999,0.41999999999999998
10-17-25,C659,T900659,1500.0999999999999,0.41999999999999998
10-17-25,C1619,T900579,1500.0999999999999,0.41999999999999998
10-17-25,C30,T900030,95.400000000000006,0.40000000000000002
10-17-25,C120,T900120,1550.4000000000001,0.40000000000000002
10-18-25,C304,T900304,250.30000000000001,0.47999999999999998
10-18-25,C1416,T900376,350.19999999999999,0.40000000000000002
10-18-25,C792,T900792,650.20000000000005,0.47999999999999998
10-18-25,C403,T900403,700.10000000000002,0.41999999999999998
10-18-25,C613,T900613,700.10000000000002,0.41999999999999998
10-18-25,C943,T900943,700.10000000000002,0.41999999999999998
10-18-25,C1483,T900443,700.10000000000002,0.41999999999999998
10-18-25,C404,T900404,750.39999999999998,0.40000000000000002
10-18-25,C644,T900644,750.39999999999998,0.40000000000000002
10-18-25,C1454,T900414,750.39999999999998,0.40000000000000002
10-18-25,C1545,T900505,800,0.46000000000000002
10-18-25,C1127,T900087,900.5,0.45000000000000001
10-18-25,C498,T900498,950.10000000000002,0.46999999999999997
10-18-25,C920,T900920,1050.3,0.47999999999999998
10-18-25,C1580,T900540,1050.3,0.47999999999999998
10-18-25,C532,T900532,1150.2,0.40000000000000002
10-18-25,C1104,T900064,1250,0.48999999999999999
10-18-25,C1195,T900155,1300.8,0.45000000000000001
10-18-25,C1166,T900126,1350.5,0.46999999999999997
10-18-25,C152,T900067,1400,0.42999999999999999
10-18-25,C1288,T900248,1450.2,0.47999999999999998
10-18-25,C930,T900930,1550.4000000000001,0.40000000000000002
10-19-25,C1321,T900281,472,0.45000000000000001
10-19-25,C730,T900730,550.5,0.46999999999999997
10-19-25,C1061,T900021,600,0.42999999999999999
10-19-25,C1091,T900051,600,0.42999999999999999
10-19-25,C1301,T900261,600,0.42999999999999999
10-19-25,C1361,T900321,600,0.42999999999999999
10-19-25,C1481,T900441,600,0.42999999999999999
10-19-25,C523,T900523,700.10000000000002,0.41999999999999998
10-19-25,C1273,T900233,700.10000000000002,0.41999999999999998
10-19-25,C1574,T900534,750.39999999999998,0.40000000000000002
10-19-25,C345,T900345,800,0.46000000000000002
10-19-25,C1096,T900056,850,0.48999999999999999
10-19-25,C228,T900228,750,0.5
10-19-25,C1428,T900388,950.10000000000002,0.46999999999999997
10-19-25,C860,T900860,1050.3,0.47999999999999998
10-19-25,C1010,T901010,1050.3,0.47999999999999998
10-19-25,C1250,T900210,1050.3,0.47999999999999998
10-19-25,C1520,T900480,1050.3,0.47999999999999998
10-19-25,C81,T900081,1060.9000000000001,0.41999999999999998
10-19-25,C113,T900113,1200.5999999999999,0.46000000000000002
10-19-25,C983,T900983,1200.5999999999999,0.46000000000000002
10-19-25,C715,T900715,1300.8,0.45000000000000001
10-19-25,C955,T900955,1300.8,0.45000000000000001
10-19-25,C386,T900386,1350.5,0.46999999999999997
10-19-25,C838,T900838,1450.2,0.47999999999999998
10-19-25,C1498,T900458,1450.2,0.47999999999999998
10-19-25,C210,T900210,1100,0.5
10-19-25,C940,T900940,550.5,0.46999999999999997
10-20-25,C1202,T900162,1521,0.46999999999999997
10-20-25,C93,T900093,1767,0.42999999999999999
10-20-25,C103,T900103,700.10000000000002,0.41999999999999998
10-20-25,C1065,T900025,800,0.46000000000000002
10-20-25,C76,T900076,810,0.48999999999999999
10-20-25,C317,T900317,900.5,0.45000000000000001
10-20-25,C1638,T900598,950.10000000000002,0.46999999999999997
10-20-25,C709,T900709,1000.75,0.42999999999999999
10-20-25,C380,T900380,1050.3,0.47999999999999998
10-20-25,C232,T900232,1150,0.5
10-20-25,C1342,T900302,1150.2,0.40000000000000002
10-20-25,C654,T900654,1250,0.48999999999999999
10-20-25,C1584,T900544,1250,0.48999999999999999
10-20-25,C836,T900836,1350.5,0.46999999999999997
10-20-25,C1616,T900576,1350.5,0.46999999999999997
10-20-25,C208,T900208,1300,0.5
10-21-25,C122,T900122,1672,0.46999999999999997
10-21-25,C902,T900902,1620,0.46999999999999997
10-21-25,C846,T900846,350.19999999999999,0.40000000000000002
10-21-25,C640,T900640,550.5,0.46999999999999997
10-21-25,C1270,T900230,550.5,0.46999999999999997
10-21-25,C701,T900701,600,0.42999999999999999
10-21-25,C734,T900734,750.39999999999998,0.40000000000000002
10-21-25,C1004,T901004,750.39999999999998,0.40000000000000002
10-21-25,C586,T900586,850,0.48999999999999999
10-21-25,C856,T900856,850,0.48999999999999999
10-21-25,C1637,T900597,900.5,0.45000000000000001
10-21-25,C139,T900139,650.75,0.42999999999999999
10-21-25,C679,T900679,1000.75,0.42999999999999999
10-21-25,C200,T900200,2100,0.5
10-21-25,C1344,T900304,1250,0.48999999999999999
10-21-25,C236,T900236,1550,0.5
10-21-25,C1436,T900396,1350.5,0.46999999999999997
10-21-25,C117,T900117,1400,0.42999999999999999
10-21-25,C477,T900477,1400,0.42999999999999999
10-21-25,C212,T900127,1400,0.42999999999999999
10-21-25,C298,T900298,1450.2,0.47999999999999998
10-21-25,C449,T900449,1500.0999999999999,0.41999999999999998
10-21-25,C869,T900869,1500.0999999999999,0.41999999999999998
10-21-25,C451,T900220,1550.4000000000001,0.40000000000000002
10-21-25,C1060,T900020,550.5,0.46999999999999997
10-22-25,C31,T900031,230.5,0.45000000000000001
10-22-25,C212,T900212,900,0.5
10-22-25,C760,T900760,550.5,0.46999999999999997
10-22-25,C371,T900371,600,0.42999999999999999
10-22-25,C1031,T901031,600,0.42999999999999999
10-22-25,C1151,T900111,600,0.42999999999999999
10-22-25,C642,T900642,650.20000000000005,0.47999999999999998
10-22-25,C1422,T900382,650.20000000000005,0.47999999999999998
10-22-25,C463,T900463,700.10000000000002,0.41999999999999998
10-22-25,C1213,T900173,700.10000000000002,0.41999999999999998
10-22-25,C555,T900555,800,0.46000000000000002
10-22-25,C1126,T900086,850,0.48999999999999999
10-22-25,C47,T900047,190.5,0.45000000000000001
10-22-25,C227,T900227,650,0.5
10-22-25,C318,T900318,950.10000000000002,0.46999999999999997
10-22-25,C918,T900918,950.10000000000002,0.46999999999999997
10-22-25,C441,T900441,1100.9000000000001,0.41999999999999998
10-22-25,C741,T900741,1100.9000000000001,0.41999999999999998
10-22-25,C652,T900652,1150.2,0.40000000000000002
10-22-25,C177,T900177,270,0.42999999999999999
10-22-25,C1588,T900548,1450.2,0.47999999999999998
10-22-25,C420,T900420,1550.4000000000001,0.40000000000000002
10-23-25,C661,T900661,1021,0.45000000000000001
10-23-25,C841,T900841,546,0.45000000000000001
10-23-25,C1322,T900282,1851,0.46999999999999997
10-23-25,C275,T900275,300.89999999999998,0.41999999999999998
10-23-25,C1480,T900440,550.5,0.46999999999999997
10-23-25,C162,T900162,120.2,0.47999999999999998
10-23-25,C105,T900105,800,0.46000000000000002
10-23-25,C405,T900405,800,0.46000000000000002
10-23-25,C1426,T900386,850,0.48999999999999999
10-23-25,C737,T900737,900.5,0.45000000000000001
10-23-25,C857,T900857,900.5,0.45000000000000001
10-23-25,C1247,T900207,900.5,0.45000000000000001
10-23-25,C350,T900350,1050.3,0.47999999999999998
10-23-25,C591,T900591,1100.9000000000001,0.41999999999999998
10-23-25,C861,T900861,1100.9000000000001,0.41999999999999998
10-23-25,C1041,T900001,1100.9000000000001,0.41999999999999998
10-23-25,C263,T900263,1200.5999999999999,0.46000000000000002
10-23-25,C1553,T900513,1200.5999999999999,0.46000000000000002
10-23-25,C384,T900384,1250,0.48999999999999999
10-23-25,C984,T900984,1250,0.48999999999999999
10-23-25,C1495,T900455,1300.8,0.45000000000000001
10-23-25,C1585,T900545,1300.8,0.45000000000000001
10-23-25,C957,T900957,1400,0.42999999999999999
10-23-25,C750,T900750,1550.4000000000001,0.40000000000000002
10-24-25,C243,T900243,1472,0.42999999999999999
10-24-25,C4,T900004,1925,0.47999999999999998
10-24-25,C881,T900881,600,0.42999999999999999
10-24-25,C1601,T900561,600,0.42999999999999999
10-24-25,C1093,T900053,700.10000000000002,0.41999999999999998
10-24-25,C74,T900074,710.39999999999998,0.40000000000000002
10-24-25,C1034,T901034,750.39999999999998,0.40000000000000002
10-24-25,C885,T900885,800,0.46000000000000002
10-24-25,C1515,T900475,800,0.46000000000000002
10-24-25,C1246,T900206,850,0.48999999999999999
10-24-25,C1097,T900057,900.5,0.45000000000000001
10-24-25,C798,T900798,950.10000000000002,0.46999999999999997
10-24-25,C1042,T900002,1150.2,0.40000000000000002
10-24-25,C593,T900593,1200.5999999999999,0.46000000000000002
10-24-25,C1583,T900543,1200.5999999999999,0.46000000000000002
10-24-25,C1613,T900573,1200.5999999999999,0.46000000000000002
10-24-25,C864,T900864,1250,0.48999999999999999
10-24-25,C115,T900115,1300.8,0.45000000000000001
10-24-25,C716,T900716,1350.5,0.46999999999999997
10-24-25,C746,T900746,1350.5,0.46999999999999997
10-24-25,C926,T900926,1350.5,0.46999999999999997
10-24-25,C1022,T900397,1400,0.42999999999999999
10-24-25,C910,T900910,550.5,0.46999999999999997
10-25-25,C182,T900182,3900,0.5
10-25-25,C1446,T900406,350.19999999999999,0.40000000000000002
10-25-25,C310,T900310,550.5,0.46999999999999997
10-25-25,C101,T900101,600,0.42999999999999999
10-25-25,C342,T900342,650.20000000000005,0.47999999999999998
10-25-25,C402,T900402,650.20000000000005,0.47999999999999998
10-25-25,C793,T900793,700.10000000000002,0.41999999999999998
10-25-25,C794,T900794,750.39999999999998,0.40000000000000002
10-25-25,C1665,T900625,800,0.46000000000000002
10-25-25,C167,T900167,170.5,0.45000000000000001
10-25-25,C617,T900617,900.5,0.45000000000000001
10-25-25,C1487,T900447,900.5,0.45000000000000001
10-25-25,C1368,T900328,950.10000000000002,0.46999999999999997
10-25-25,C1280,T900240,1050.3,0.47999999999999998
10-25-25,C25,T900025,90.799999999999997,0.45000000000000001
10-25-25,C1225,T900185,1300.8,0.45000000000000001
10-25-25,C417,T900417,1400,0.42999999999999999
10-25-25,C902,T900247,1400,0.42999999999999999
10-25-25,C959,T900959,1500.0999999999999,0.41999999999999998
10-25-25,C900,T900900,1550.4000000000001,0.40000000000000002
10-25-25,C331,T900100,1550.4000000000001,0.40000000000000002
10-25-25,C391,T900160,1550.4000000000001,0.40000000000000002
10-26-25,C1391,T900351,600,0.42999999999999999
10-26-25,C462,T900462,650.20000000000005,0.47999999999999998
10-26-25,C1123,T900083,700.10000000000002,0.41999999999999998
10-26-25,C464,T900464,750.39999999999998,0.40000000000000002
10-26-25,C497,T900497,900.5,0.45000000000000001
10-26-25,C1158,T900118,950.10000000000002,0.46999999999999997
10-26-25,C500,T900500,1050.3,0.47999999999999998
10-26-25,C173,T900173,230.59999999999999,0.46000000000000002
10-26-25,C1524,T900484,1250,0.48999999999999999
10-26-25,C55,T900055,420.80000000000001,0.45000000000000001
10-26-25,C657,T900657,1400,0.42999999999999999
10-26-25,C1202,T900577,1400,0.42999999999999999
10-26-25,C1198,T900158,1450.2,0.47999999999999998
10-26-25,C29,T900029,800.10000000000002,0.41999999999999998
10-26-25,C419,T900419,1500.0999999999999,0.41999999999999998
10-26-25,C540,T900540,1550.4000000000001,0.40000000000000002
10-26-25,C1000,T901000,550.5,0.46999999999999997
10-27-25,C242,T900242,1607,0.46999999999999997
10-27-25,C65,T900065,260.89999999999998,0.41999999999999998
10-27-25,C1450,T900410,550.5,0.46999999999999997
10-27-25,C281,T900281,600,0.42999999999999999
10-27-25,C341,T900341,600,0.42999999999999999
10-27-25,C43,T900043,110.09999999999999,0.41999999999999998
10-27-25,C433,T900433,700.10000000000002,0.41999999999999998
10-27-25,C286,T900286,850,0.48999999999999999
10-27-25,C48,T900048,270.10000000000002,0.46999999999999997
10-27-25,C650,T900650,1050.3,0.47999999999999998
10-27-25,C951,T900951,1100.9000000000001,0.41999999999999998
10-27-25,C53,T900053,180.59999999999999,0.46000000000000002
10-27-25,C863,T900863,1200.5999999999999,0.46000000000000002
10-27-25,C54,T900054,300,0.48999999999999999
10-27-25,C1106,T900066,1350.5,0.46999999999999997
10-27-25,C207,T900207,1400,0.5
10-27-25,C272,T900187,1400,0.42999999999999999
10-27-25,C1048,T900008,1450.2,0.47999999999999998
10-27-25,C1108,T900068,1450.2,0.47999999999999998
10-27-25,C1109,T900069,1500.0999999999999,0.41999999999999998
10-27-25,C690,T900690,1550.4000000000001,0.40000000000000002
10-27-25,C1090,T900050,550.5,0.46999999999999997
10-28-25,C481,T900481,872,0.45000000000000001
10-28-25,C1171,T900131,369,0.45000000000000001
10-28-25,C1232,T900192,1965,0.46999999999999997
10-28-25,C1146,T900106,350.19999999999999,0.40000000000000002
10-28-25,C71,T900071,560,0.42999999999999999
10-28-25,C1121,T900081,600,0.42999999999999999
10-28-25,C915,T900915,800,0.46000000000000002
10-28-25,C226,T900226,550,0.5
10-28-25,C916,T900916,850,0.48999999999999999
10-28-25,C1006,T901006,850,0.48999999999999999
10-28-25,C1036,T901036,850,0.48999999999999999
10-28-25,C587,T900587,900.5,0.45000000000000001
10-28-25,C917,T900917,900.5,0.45000000000000001
10-28-25,C947,T900947,900.5,0.45000000000000001
10-28-25,C738,T900738,950.10000000000002,0.46999999999999997
10-28-25,C1008,T901008,950.10000000000002,0.46999999999999997
10-28-25,C1068,T900028,950.10000000000002,0.46999999999999997
10-28-25,C320,T900320,1050.3,0.47999999999999998
10-28-25,C501,T900501,1100.9000000000001,0.41999999999999998
10-28-25,C1101,T900061,1100.9000000000001,0.41999999999999998
10-28-25,C1221,T900181,1100.9000000000001,0.41999999999999998
10-28-25,C1581,T900541,1100.9000000000001,0.41999999999999998
10-28-25,C292,T900292,1150.2,0.40000000000000002
10-28-25,C1402,T900362,1150.2,0.40000000000000002
10-28-25,C323,T900323,1200.5999999999999,0.46000000000000002
10-28-25,C444,T900444,1250,0.48999999999999999
10-28-25,C594,T900594,1250,0.48999999999999999
10-28-25,C656,T900656,1350.5,0.46999999999999997
10-28-25,C268,T900268,1450.2,0.47999999999999998
10-28-25,C779,T900779,1500.0999999999999,0.41999999999999998
10-29-25,C1381,T900341,1097,0.45000000000000001
10-29-25,C1026,T901026,350.19999999999999,0.40000000000000002
10-29-25,C1240,T900200,550.5,0.46999999999999997
10-29-25,C851,T900851,600,0.42999999999999999
10-29-25,C1451,T900411,600,0.42999999999999999
10-29-25,C492,T900492,650.20000000000005,0.47999999999999998
10-29-25,C942,T900942,650.20000000000005,0.47999999999999998
10-29-25,C1152,T900112,650.20000000000005,0.47999999999999998
10-29-25,C763,T900763,700.10000000000002,0.41999999999999998
10-29-25,C704,T900704,750.39999999999998,0.40000000000000002
10-29-25,C21,T900021,1250.9000000000001,0.41999999999999998
10-29-25,C771,T900771,1100.9000000000001,0.41999999999999998
10-29-25,C1614,T900574,1250,0.48999999999999999
10-29-25,C895,T900895,1300.8,0.45000000000000001
10-29-25,C806,T900806,1350.5,0.46999999999999997
10-29-25,C1076,T900036,1350.5,0.46999999999999997
10-29-25,C389,T900389,1500.0999999999999,0.41999999999999998
10-29-25,C510,T900510,1550.4000000000001,0.40000000000000002
10-29-25,C570,T900570,1550.4000000000001,0.40000000000000002
10-30-25,C1051,T900011,1627,0.45000000000000001
10-30-25,C2,T900002,1687,0.46999999999999997
10-30-25,C1142,T900102,1698,0.46999999999999997
10-30-25,C1472,T900432,1830,0.46999999999999997
10-30-25,C35,T900035,700.89999999999998,0.41999999999999998
10-30-25,C395,T900395,300.89999999999998,0.41999999999999998
10-30-25,C425,T900425,300.89999999999998,0.41999999999999998
10-30-25,C455,T900455,300.89999999999998,0.41999999999999998
10-30-25,C580,T900580,550.5,0.46999999999999997
10-30-25,C912,T900912,650.20000000000005,0.47999999999999998
10-30-25,C1122,T900082,650.20000000000005,0.47999999999999998
10-30-25,C313,T900313,700.10000000000002,0.41999999999999998
10-30-25,C493,T900493,700.10000000000002,0.41999999999999998
10-30-25,C1394,T900354,750.39999999999998,0.40000000000000002
10-30-25,C195,T900195,2600,0.5
10-30-25,C495,T900495,800,0.46000000000000002
10-30-25,C196,T900196,2500,0.5
10-30-25,C1306,T900266,850,0.48999999999999999
10-30-25,C1456,T900416,850,0.48999999999999999
10-30-25,C347,T900347,900.5,0.45000000000000001
10-30-25,C19,T900019,80.75,0.42999999999999999
10-30-25,C892,T900892,1150.2,0.40000000000000002
10-30-25,C83,T900083,1160.5999999999999,0.46000000000000002
10-30-25,C683,T900683,1200.5999999999999,0.46000000000000002
10-30-25,C624,T900624,1250,0.48999999999999999
10-30-25,C1526,T900486,1350.5,0.46999999999999997
10-30-25,C357,T900357,1400,0.42999999999999999
10-30-25,C777,T900777,1400,0.42999999999999999
10-30-25,C689,T900689,1500.0999999999999,0.41999999999999998
10-31-25,C391,T900391,902,0.45000000000000001
10-31-25,C1231,T900191,343,0.45000000000000001
10-31-25,C1562,T900522,1013,0.46999999999999997
10-31-25,C790,T900790,550.5,0.46999999999999997
10-31-25,C164,T900164,140.40000000000001,0.40000000000000002
10-31-25,C1424,T900384,750.39999999999998,0.40000000000000002
10-31-25,C585,T900585,800,0.46000000000000002
10-31-25,C946,T900946,850,0.48999999999999999
10-31-25,C1337,T900297,900.5,0.45000000000000001
10-31-25,C109,T900109,1000.75,0.42999999999999999
10-31-25,C649,T900649,1000.75,0.42999999999999999
10-31-25,C620,T900620,1050.3,0.47999999999999998
10-31-25,C171,T900171,210.90000000000001,0.41999999999999998
10-31-25,C1671,T900631,1100.9000000000001,0.41999999999999998
10-31-25,C982,T900982,1150.2,0.40000000000000002
10-31-25,C1522,T900482,1150.2,0.40000000000000002
10-31-25,C473,T900473,1200.5999999999999,0.46000000000000002
10-31-25,C1254,T900214,1250,0.48999999999999999
10-31-25,C238,T900238,1750,0.5
10-31-25,C508,T900508,1450.2,0.47999999999999998
10-31-25,C1318,T900278,1450.2,0.47999999999999998
10-31-25,C1558,T900518,1450.2,0.47999999999999998
,,,,
,,,,
,,,,
,,,,
,,,,
,,,,
,,,,
,,,,
,,,,
,,,,
,,,,
,,,,
,,,,
,,,,
,,,,
,,,,
,,,,
,,,,
,,,,
,,,,
,,,,
,,,,
,,,,
,,,,
,,,,
,,,,
,,,,
,,,,
,,,,
,,,,
,,,,
,,,,
,,,,
,,,,
,,,,
,,,,
,,,,
,,,,
,,,,
,,,,
,,,,
,,,,
,,,,
,,,,
,,,,
,,,,
,,,,
,,,,
,,,,
,,,,
,,,,
,,,,
,,,,
,,,,
,,,,
,,,,
,,,,
,,,,
,,,,
,,,,
,,,,
,,,,
,,,,
,,,,
,,,,
,,,,
,,,,
,,,,
,,,,
,,,,
,,,,
,,,,
,,,,
,,,,
,,,,
,,,,
,,,,
,,,,
,,,,
,,,,
,,,,
,,,,
,,,,
,,,,
,,,,
,,,,
,,,,
,,,,
,,,,
,,,,
,,,,
,,,,
,,,,
,,,,
,,,,
,,,,
,,,,
,,,,
,,,,
,,,,
,,,,
,,,,
,,,,
,,,,
,,,,
,,,,
,,,,
,,,,
,,,,
,,,,
,,,,
,,,,
,,,,
,,,,
,,,,
,,,,
,,,,
,,,,
,,,,
,,,,
,,,,
,,,,
,,,,
,,,,
,,,,
,,,,
,,,,
,,,,
,,,,
,,,,
,,,,
,,,,
,,,,
,,,,
,,,,
,,,,
,,,,
,,,,
,,,,
,,,,
,,,,
,,,,
,,,,
,,,,
,,,,
,,,,
,,,,
,,,,
,,,,
,,,,
,,,,
,,,,
,,,,
,,,,
,,,,
,,,,
,,,,
,,,,
,,,,
,,,,
,,,,
,,,,
,,,,
,,,,
,,,,
,,,,
,,,,
,,,,
,,,,
,,,,
,,,,
,,,,
,,,,
,,,,
,,,,
,,,,
,,,,
,,,,
,,,,
,,,,
,,,,
,,,,
,,,,
,,,,
,,,,
,,,,
,,,,
,,,,
,,,,
,,,,
,,,,
,,,,
,,,,
,,,,
,,,,
,,,,
,,,,
,,,,
,,,,
,,,,
,,,,
,,,,
,,,,
,,,,
,,,,
,,,,
,,,,
,,,,
,,,,
,,,,
,,,,
,,,,
,,,,
,,,,
,,,,
,,,,
,,,,
,,,,
,,,,
,,,,
,,,,
,,,,
,,,,
,,,,
,,,,
,,,,
,,,,
,,,,
,,,,
,,,,
,,,,
,,,,
,,,,
,,,,
,,,,
,,,,
,,,,
,,,,
,,,,
,,,,
,,,,
,,,,
,,,,
,,,,
,,,,
,,,,
,,,,
,,,,
,,,,
,,,,
,,,,
,,,,
,,,,
,,,,
,,,,
,,,,
,,,,
,,,,
,,,,
,,,,
,,,,
,,,,
,,,,
,,,,
,,,,
,,,,
,,,,
,,,,
,,,,
,,,,
,,,,
,,,,
,,,,
,,,,
,,,,
,,,,
,,,,
,,,,
,,,,
,,,,
,,,,
,,,,
,,,,
,,,,
,,,,
,,,,
,,,,
,,,,
,,,,
,,,,
,,,,
,,,,
,,,,
,,,,
,,,,
,,,,
,,,,
,,,,
,,,,
,,,,
,,,,
,,,,
,,,,
,,,,
,,,,
,,,,
,,,,
,,,,
,,,,
,,,,
,,,,
,,,,
,,,,
,,,,
,,,,
,,,,
,,,,
,,,,
,,,,
,,,,
,,,,
,,,,
,,,,
,,,,
,,,,
,,,,
,,,,
,,,,
,,,,
,,,,
,,,,
,,,,
,,,,
,,,,
,,,,
,,,,
,,,,
,,,,
,,,,
,,,,
,,,,
,,,,
,,,,
,,,,
,,,,
,,,,
,,,,
,,,,
,,,,
,,,,
,,,,
,,,,
,,,,
,,,,
,,,,
,,,,
,,,,
,,,,
,,,,
,,,,
,,,,
,,,,
,,,,
,,,,
,,,,
,,,,
,,,,
,,,,
,,,,
,,,,
,,,,
,,,,
,,,,
,,,,
,,,,
,,,,
,,,,
,,,,
,,,,
,,,,
,,,,
,,,,
,,,,
,,,,
,,,,
,,,,
,,,,
,,,,
,,,,
,,,,
,,,,

